Country Name,Country Code,Indicator Name,Indicator Code,1960,1961,1962,1963,1964,1965,1966,1967,1968,1969,1970,1971,1972,1973,1974,1975,1976,1977,1978,1979,1980,1981,1982,1983,1984,1985,1986,1987,1988,1989,1990,1991,1992,1993,1994,1995,1996,1997,1998,1999,2000,2001,2002,2003,2004,2005,2006,2007,2008,2009,2010,2011,2012,2013,2014,2015,2016,2017,2018,2019,2020
Aruba,ABW,Firms with female top manager (% of firms),IC.FRM.FEMM.ZS,,,,,,,,,,,,,,,,,,,,,,,,,,,,,,,,,,,,,,,,,,,,,,,,,,,,,,,,,,,,,
Afghanistan,AFG,Firms with female top manager (% of firms),IC.FRM.FEMM.ZS,,,,,,,,,,,,,,,,,,,,,,,,,,,,,,,,,,,,,,,,,,,,,,,,,0.7,,,,,,4.7,,,,,,
Angola,AGO,Firms with female top manager (% of firms),IC.FRM.FEMM.ZS,,,,,,,,,,,,,,,,,,,,,,,,,,,,,,,,,,,,,,,,,,,,,,,,,,,13.5,,,,,,,,,,
Albania,ALB,Firms with female top manager (% of firms),IC.FRM.FEMM.ZS,,,,,,,,,,,,,,,,,,,,,,,,,,,,,,,,,,,,,,,,,,,,,,,,,,,,,,12.2,,,,,,18.1,
Andorra,AND,Firms with female top manager (% of firms),IC.FRM.FEMM.ZS,,,,,,,,,,,,,,,,,,,,,,,,,,,,,,,,,,,,,,,,,,,,,,,,,,,,,,,,,,,,,
Arab World,ARB,Firms with female top manager (% of firms),IC.FRM.FEMM.ZS,,,,,,,,,,,,,,,,,,,,,,,,,,,,,,,,,,,,,,,,,,,,,,,,,,,,,,,,,,,,5.272727273,
United Arab Emirates,ARE,Firms with female top manager (% of firms),IC.FRM.FEMM.ZS,,,,,,,,,,,,,,,,,,,,,,,,,,,,,,,,,,,,,,,,,,,,,,,,,,,,,,,,,,,,,
Argentina,ARG,Firms with female top manager (% of firms),IC.FRM.FEMM.ZS,,,,,,,,,,,,,,,,,,,,,,,,,,,,,,,,,,,,,,,,,,,,,,,,,,,9.2,,,,,,,8,,,
Armenia,ARM,Firms with female top manager (% of firms),IC.FRM.FEMM.ZS,,,,,,,,,,,,,,,,,,,,,,,,,,,,,,,,,,,,,,,,,,,,,,,,,,13.5,,,,14.1,,,,,,,19.1
American Samoa,ASM,Firms with female top manager (% of firms),IC.FRM.FEMM.ZS,,,,,,,,,,,,,,,,,,,,,,,,,,,,,,,,,,,,,,,,,,,,,,,,,,,,,,,,,,,,,
Antigua and Barbuda,ATG,Firms with female top manager (% of firms),IC.FRM.FEMM.ZS,,,,,,,,,,,,,,,,,,,,,,,,,,,,,,,,,,,,,,,,,,,,,,,,,,,17.5,,,,,,,,,,
Australia,AUS,Firms with female top manager (% of firms),IC.FRM.FEMM.ZS,,,,,,,,,,,,,,,,,,,,,,,,,,,,,,,,,,,,,,,,,,,,,,,,,,,,,,,,,,,,,
Austria,AUT,Firms with female top manager (% of firms),IC.FRM.FEMM.ZS,,,,,,,,,,,,,,,,,,,,,,,,,,,,,,,,,,,,,,,,,,,,,,,,,,,,,,,,,,,,,
Azerbaijan,AZE,Firms with female top manager (% of firms),IC.FRM.FEMM.ZS,,,,,,,,,,,,,,,,,,,,,,,,,,,,,,,,,,,,,,,,,,,,,,,,,,4.7,,,,2.6,,,,,,16.5,
Burundi,BDI,Firms with female top manager (% of firms),IC.FRM.FEMM.ZS,,,,,,,,,,,,,,,,,,,,,,,,,,,,,,,,,,,,,,,,,,,,,,,,,,,,,,,16.3,,,,,,
Belgium,BEL,Firms with female top manager (% of firms),IC.FRM.FEMM.ZS,,,,,,,,,,,,,,,,,,,,,,,,,,,,,,,,,,,,,,,,,,,,,,,,,,,,,,,,,,,,,
Benin,BEN,Firms with female top manager (% of firms),IC.FRM.FEMM.ZS,,,,,,,,,,,,,,,,,,,,,,,,,,,,,,,,,,,,,,,,,,,,,,,,,,26.9,,,,,,,25.9,,,,
Burkina Faso,BFA,Firms with female top manager (% of firms),IC.FRM.FEMM.ZS,,,,,,,,,,,,,,,,,,,,,,,,,,,,,,,,,,,,,,,,,,,,,,,,,,11.3,,,,,,,,,,,
Bangladesh,BGD,Firms with female top manager (% of firms),IC.FRM.FEMM.ZS,,,,,,,,,,,,,,,,,,,,,,,,,,,,,,,,,,,,,,,,,,,,,,,,1.3,,,,,,4.8,,,,,,,
Bulgaria,BGR,Firms with female top manager (% of firms),IC.FRM.FEMM.ZS,,,,,,,,,,,,,,,,,,,,,,,,,,,,,,,,,,,,,,,,,,,,,,,,,,25.7,,,,23.5,,,,,,28.8,
Bahrain,BHR,Firms with female top manager (% of firms),IC.FRM.FEMM.ZS,,,,,,,,,,,,,,,,,,,,,,,,,,,,,,,,,,,,,,,,,,,,,,,,,,,,,,,,,,,,,
"Bahamas, The",BHS,Firms with female top manager (% of firms),IC.FRM.FEMM.ZS,,,,,,,,,,,,,,,,,,,,,,,,,,,,,,,,,,,,,,,,,,,,,,,,,,,33.2,,,,,,,,,,
Bosnia and Herzegovina,BIH,Firms with female top manager (% of firms),IC.FRM.FEMM.ZS,,,,,,,,,,,,,,,,,,,,,,,,,,,,,,,,,,,,,,,,,,,,,,,,,,13.5,,,,16.6,,,,,,16.6,
Belarus,BLR,Firms with female top manager (% of firms),IC.FRM.FEMM.ZS,,,,,,,,,,,,,,,,,,,,,,,,,,,,,,,,,,,,,,,,,,,,,,,,,24.8,,,,,32.2,,,,,21.1,,
Belize,BLZ,Firms with female top manager (% of firms),IC.FRM.FEMM.ZS,,,,,,,,,,,,,,,,,,,,,,,,,,,,,,,,,,,,,,,,,,,,,,,,,,,25.5,,,,,,,,,,
Bermuda,BMU,Firms with female top manager (% of firms),IC.FRM.FEMM.ZS,,,,,,,,,,,,,,,,,,,,,,,,,,,,,,,,,,,,,,,,,,,,,,,,,,,,,,,,,,,,,
Bolivia,BOL,Firms with female top manager (% of firms),IC.FRM.FEMM.ZS,,,,,,,,,,,,,,,,,,,,,,,,,,,,,,,,,,,,,,,,,,,,,,,,,,,21.7,,,,,,,26.3,,,
Brazil,BRA,Firms with female top manager (% of firms),IC.FRM.FEMM.ZS,,,,,,,,,,,,,,,,,,,,,,,,,,,,,,,,,,,,,,,,,,,,,,,,,,19.4,,,,,,,,,,,
Barbados,BRB,Firms with female top manager (% of firms),IC.FRM.FEMM.ZS,,,,,,,,,,,,,,,,,,,,,,,,,,,,,,,,,,,,,,,,,,,,,,,,,,,25.4,,,,,,,,,,
Brunei Darussalam,BRN,Firms with female top manager (% of firms),IC.FRM.FEMM.ZS,,,,,,,,,,,,,,,,,,,,,,,,,,,,,,,,,,,,,,,,,,,,,,,,,,,,,,,,,,,,,
Bhutan,BTN,Firms with female top manager (% of firms),IC.FRM.FEMM.ZS,,,,,,,,,,,,,,,,,,,,,,,,,,,,,,,,,,,,,,,,,,,,,,,,,,,,,,,,26.3,,,,,
Botswana,BWA,Firms with female top manager (% of firms),IC.FRM.FEMM.ZS,,,,,,,,,,,,,,,,,,,,,,,,,,,,,,,,,,,,,,,,,,,,,,,,,,,16.5,,,,,,,,,,
Central African Republic,CAF,Firms with female top manager (% of firms),IC.FRM.FEMM.ZS,,,,,,,,,,,,,,,,,,,,,,,,,,,,,,,,,,,,,,,,,,,,,,,,,,,,12.1,,,,,,,,,
Canada,CAN,Firms with female top manager (% of firms),IC.FRM.FEMM.ZS,,,,,,,,,,,,,,,,,,,,,,,,,,,,,,,,,,,,,,,,,,,,,,,,,,,,,,,,,,,,,
Central Europe and the Baltics,CEB,Firms with female top manager (% of firms),IC.FRM.FEMM.ZS,,,,,,,,,,,,,,,,,,,,,,,,,,,,,,,,,,,,,,,,,,,,,,,,,,,,,,,,,,,,24.22727273,
Switzerland,CHE,Firms with female top manager (% of firms),IC.FRM.FEMM.ZS,,,,,,,,,,,,,,,,,,,,,,,,,,,,,,,,,,,,,,,,,,,,,,,,,,,,,,,,,,,,,
Channel Islands,CHI,Firms with female top manager (% of firms),IC.FRM.FEMM.ZS,,,,,,,,,,,,,,,,,,,,,,,,,,,,,,,,,,,,,,,,,,,,,,,,,,,,,,,,,,,,,
Chile,CHL,Firms with female top manager (% of firms),IC.FRM.FEMM.ZS,,,,,,,,,,,,,,,,,,,,,,,,,,,,,,,,,,,,,,,,,,,,,,,,,,,4.5,,,,,,,,,,
China,CHN,Firms with female top manager (% of firms),IC.FRM.FEMM.ZS,,,,,,,,,,,,,,,,,,,,,,,,,,,,,,,,,,,,,,,,,,,,,,,,,,,,,17.5,,,,,,,,
Cote d'Ivoire,CIV,Firms with female top manager (% of firms),IC.FRM.FEMM.ZS,,,,,,,,,,,,,,,,,,,,,,,,,,,,,,,,,,,,,,,,,,,,,,,,,,,,,,,,,14.3,,,,
Cameroon,CMR,Firms with female top manager (% of firms),IC.FRM.FEMM.ZS,,,,,,,,,,,,,,,,,,,,,,,,,,,,,,,,,,,,,,,,,,,,,,,,,,10,,,,,,,22.9,,,,
"Congo, Dem. Rep.",COD,Firms with female top manager (% of firms),IC.FRM.FEMM.ZS,,,,,,,,,,,,,,,,,,,,,,,,,,,,,,,,,,,,,,,,,,,,,,,,,,,13.7,,,10.8,,,,,,,
"Congo, Rep.",COG,Firms with female top manager (% of firms),IC.FRM.FEMM.ZS,,,,,,,,,,,,,,,,,,,,,,,,,,,,,,,,,,,,,,,,,,,,,,,,,,17.2,,,,,,,,,,,
Colombia,COL,Firms with female top manager (% of firms),IC.FRM.FEMM.ZS,,,,,,,,,,,,,,,,,,,,,,,,,,,,,,,,,,,,,,,,,,,,,,,,,,,12.1,,,,,,,18.9,,,
Comoros,COM,Firms with female top manager (% of firms),IC.FRM.FEMM.ZS,,,,,,,,,,,,,,,,,,,,,,,,,,,,,,,,,,,,,,,,,,,,,,,,,,,,,,,,,,,,,
Cabo Verde,CPV,Firms with female top manager (% of firms),IC.FRM.FEMM.ZS,,,,,,,,,,,,,,,,,,,,,,,,,,,,,,,,,,,,,,,,,,,,,,,,,,16.7,,,,,,,,,,,
Costa Rica,CRI,Firms with female top manager (% of firms),IC.FRM.FEMM.ZS,,,,,,,,,,,,,,,,,,,,,,,,,,,,,,,,,,,,,,,,,,,,,,,,,,,15.4,,,,,,,,,,
Caribbean small states,CSS,Firms with female top manager (% of firms),IC.FRM.FEMM.ZS,,,,,,,,,,,,,,,,,,,,,,,,,,,,,,,,,,,,,,,,,,,,,,,,,,,,,,,,,,,,23.62307692,
Cuba,CUB,Firms with female top manager (% of firms),IC.FRM.FEMM.ZS,,,,,,,,,,,,,,,,,,,,,,,,,,,,,,,,,,,,,,,,,,,,,,,,,,,,,,,,,,,,,
Curacao,CUW,Firms with female top manager (% of firms),IC.FRM.FEMM.ZS,,,,,,,,,,,,,,,,,,,,,,,,,,,,,,,,,,,,,,,,,,,,,,,,,,,,,,,,,,,,,
Cayman Islands,CYM,Firms with female top manager (% of firms),IC.FRM.FEMM.ZS,,,,,,,,,,,,,,,,,,,,,,,,,,,,,,,,,,,,,,,,,,,,,,,,,,,,,,,,,,,,,
Cyprus,CYP,Firms with female top manager (% of firms),IC.FRM.FEMM.ZS,,,,,,,,,,,,,,,,,,,,,,,,,,,,,,,,,,,,,,,,,,,,,,,,,,,,,,,,,,,,8.2,
Czech Republic,CZE,Firms with female top manager (% of firms),IC.FRM.FEMM.ZS,,,,,,,,,,,,,,,,,,,,,,,,,,,,,,,,,,,,,,,,,,,,,,,,,,18.4,,,,11.3,,,,,,16.1,
Germany,DEU,Firms with female top manager (% of firms),IC.FRM.FEMM.ZS,,,,,,,,,,,,,,,,,,,,,,,,,,,,,,,,,,,,,,,,,,,,,,,,,,,,,,,,,,,,,
Djibouti,DJI,Firms with female top manager (% of firms),IC.FRM.FEMM.ZS,,,,,,,,,,,,,,,,,,,,,,,,,,,,,,,,,,,,,,,,,,,,,,,,,,,,,,14.2,,,,,,,
Dominica,DMA,Firms with female top manager (% of firms),IC.FRM.FEMM.ZS,,,,,,,,,,,,,,,,,,,,,,,,,,,,,,,,,,,,,,,,,,,,,,,,,,,23.6,,,,,,,,,,
Denmark,DNK,Firms with female top manager (% of firms),IC.FRM.FEMM.ZS,,,,,,,,,,,,,,,,,,,,,,,,,,,,,,,,,,,,,,,,,,,,,,,,,,,,,,,,,,,,,
Dominican Republic,DOM,Firms with female top manager (% of firms),IC.FRM.FEMM.ZS,,,,,,,,,,,,,,,,,,,,,,,,,,,,,,,,,,,,,,,,,,,,,,,,,,,11,,,,,,21.2,,,,
Algeria,DZA,Firms with female top manager (% of firms),IC.FRM.FEMM.ZS,,,,,,,,,,,,,,,,,,,,,,,,,,,,,,,,,,,,,,,,,,,,,,,,,,,,,,,,,,,,,
East Asia & Pacific (excluding high income),EAP,Firms with female top manager (% of firms),IC.FRM.FEMM.ZS,,,,,,,,,,,,,,,,,,,,,,,,,,,,,,,,,,,,,,,,,,,,,,,,,,,,,,,,,,,,32.83076923,
Early-demographic dividend,EAR,Firms with female top manager (% of firms),IC.FRM.FEMM.ZS,,,,,,,,,,,,,,,,,,,,,,,,,,,,,,,,,,,,,,,,,,,,,,,,,,,,,,,,,,,,19.27111111,
East Asia & Pacific,EAS,Firms with female top manager (% of firms),IC.FRM.FEMM.ZS,,,,,,,,,,,,,,,,,,,,,,,,,,,,,,,,,,,,,,,,,,,,,,,,,,,,,,,,,,,,32.83076923,
Europe & Central Asia (excluding high income),ECA,Firms with female top manager (% of firms),IC.FRM.FEMM.ZS,,,,,,,,,,,,,,,,,,,,,,,,,,,,,,,,,,,,,,,,,,,,,,,,,,,,,,,,,,,,17.7,
Europe & Central Asia,ECS,Firms with female top manager (% of firms),IC.FRM.FEMM.ZS,,,,,,,,,,,,,,,,,,,,,,,,,,,,,,,,,,,,,,,,,,,,,,,,,,,,,,,,,,,,18.85882353,
Ecuador,ECU,Firms with female top manager (% of firms),IC.FRM.FEMM.ZS,,,,,,,,,,,,,,,,,,,,,,,,,,,,,,,,,,,,,,,,,,,,,,,,,,,17,,,,,,,22.9,,,
"Egypt, Arab Rep.",EGY,Firms with female top manager (% of firms),IC.FRM.FEMM.ZS,,,,,,,,,,,,,,,,,,,,,,,,,,,,,,,,,,,,,,,,,,,,,,,,,,,,,,7.1,,,4.9,,,,6.3
Euro area,EMU,Firms with female top manager (% of firms),IC.FRM.FEMM.ZS,,,,,,,,,,,,,,,,,,,,,,,,,,,,,,,,,,,,,,,,,,,,,,,,,,,,,,,,,,,,19.35,
Eritrea,ERI,Firms with female top manager (% of firms),IC.FRM.FEMM.ZS,,,,,,,,,,,,,,,,,,,,,,,,,,,,,,,,,,,,,,,,,,,,,,,,,,7.6,,,,,,,,,,,
Spain,ESP,Firms with female top manager (% of firms),IC.FRM.FEMM.ZS,,,,,,,,,,,,,,,,,,,,,,,,,,,,,,,,,,,,,,,,,,,,,,,,,,,,,,,,,,,,,
Estonia,EST,Firms with female top manager (% of firms),IC.FRM.FEMM.ZS,,,,,,,,,,,,,,,,,,,,,,,,,,,,,,,,,,,,,,,,,,,,,,,,,,25.8,,,,27.6,,,,,,22.5,
Ethiopia,ETH,Firms with female top manager (% of firms),IC.FRM.FEMM.ZS,,,,,,,,,,,,,,,,,,,,,,,,,,,,,,,,,,,,,,,,,,,,,,,,,,,,13.6,,,,4.5,,,,,
European Union,EUU,Firms with female top manager (% of firms),IC.FRM.FEMM.ZS,,,,,,,,,,,,,,,,,,,,,,,,,,,,,,,,,,,,,,,,,,,,,,,,,,,,,,,,,,,,20.29411765,
Fragile and conflict affected situations,FCS,Firms with female top manager (% of firms),IC.FRM.FEMM.ZS,,,,,,,,,,,,,,,,,,,,,,,,,,,,,,,,,,,,,,,,,,,,,,,,,,,,,,,,,,,,14.68461538,
Finland,FIN,Firms with female top manager (% of firms),IC.FRM.FEMM.ZS,,,,,,,,,,,,,,,,,,,,,,,,,,,,,,,,,,,,,,,,,,,,,,,,,,,,,,,,,,,,,
Fiji,FJI,Firms with female top manager (% of firms),IC.FRM.FEMM.ZS,,,,,,,,,,,,,,,,,,,,,,,,,,,,,,,,,,,,,,,,,,,,,,,,,,,,,,,,,,,,,
France,FRA,Firms with female top manager (% of firms),IC.FRM.FEMM.ZS,,,,,,,,,,,,,,,,,,,,,,,,,,,,,,,,,,,,,,,,,,,,,,,,,,,,,,,,,,,,,
Faroe Islands,FRO,Firms with female top manager (% of firms),IC.FRM.FEMM.ZS,,,,,,,,,,,,,,,,,,,,,,,,,,,,,,,,,,,,,,,,,,,,,,,,,,,,,,,,,,,,,
"Micronesia, Fed. Sts.",FSM,Firms with female top manager (% of firms),IC.FRM.FEMM.ZS,,,,,,,,,,,,,,,,,,,,,,,,,,,,,,,,,,,,,,,,,,,,,,,,,,,,,,,,,,,,,
Gabon,GAB,Firms with female top manager (% of firms),IC.FRM.FEMM.ZS,,,,,,,,,,,,,,,,,,,,,,,,,,,,,,,,,,,,,,,,,,,,,,,,,,11.5,,,,,,,,,,,
United Kingdom,GBR,Firms with female top manager (% of firms),IC.FRM.FEMM.ZS,,,,,,,,,,,,,,,,,,,,,,,,,,,,,,,,,,,,,,,,,,,,,,,,,,,,,,,,,,,,,
Georgia,GEO,Firms with female top manager (% of firms),IC.FRM.FEMM.ZS,,,,,,,,,,,,,,,,,,,,,,,,,,,,,,,,,,,,,,,,,,,,,,,,,19.8,,,,,32.7,,,,,,16.5,
Ghana,GHA,Firms with female top manager (% of firms),IC.FRM.FEMM.ZS,,,,,,,,,,,,,,,,,,,,,,,,,,,,,,,,,,,,,,,,,,,,,,,,,,,,,,14.9,,,,,,,
Gibraltar,GIB,Firms with female top manager (% of firms),IC.FRM.FEMM.ZS,,,,,,,,,,,,,,,,,,,,,,,,,,,,,,,,,,,,,,,,,,,,,,,,,,,,,,,,,,,,,
Guinea,GIN,Firms with female top manager (% of firms),IC.FRM.FEMM.ZS,,,,,,,,,,,,,,,,,,,,,,,,,,,,,,,,,,,,,,,,,,,,,,,,,,,,,,,,,5.8,,,,
"Gambia, The",GMB,Firms with female top manager (% of firms),IC.FRM.FEMM.ZS,,,,,,,,,,,,,,,,,,,,,,,,,,,,,,,,,,,,,,,,,,,,,,,,,,,,,,,,,,,9.6,,
Guinea-Bissau,GNB,Firms with female top manager (% of firms),IC.FRM.FEMM.ZS,,,,,,,,,,,,,,,,,,,,,,,,,,,,,,,,,,,,,,,,,,,,,,,,,,,,,,,,,,,,,
Equatorial Guinea,GNQ,Firms with female top manager (% of firms),IC.FRM.FEMM.ZS,,,,,,,,,,,,,,,,,,,,,,,,,,,,,,,,,,,,,,,,,,,,,,,,,,,,,,,,,,,,,
Greece,GRC,Firms with female top manager (% of firms),IC.FRM.FEMM.ZS,,,,,,,,,,,,,,,,,,,,,,,,,,,,,,,,,,,,,,,,,,,,,,,,,,,,,,,,,,,17.2,,
Grenada,GRD,Firms with female top manager (% of firms),IC.FRM.FEMM.ZS,,,,,,,,,,,,,,,,,,,,,,,,,,,,,,,,,,,,,,,,,,,,,,,,,,,24,,,,,,,,,,
Greenland,GRL,Firms with female top manager (% of firms),IC.FRM.FEMM.ZS,,,,,,,,,,,,,,,,,,,,,,,,,,,,,,,,,,,,,,,,,,,,,,,,,,,,,,,,,,,,,
Guatemala,GTM,Firms with female top manager (% of firms),IC.FRM.FEMM.ZS,,,,,,,,,,,,,,,,,,,,,,,,,,,,,,,,,,,,,,,,,,,,,,,,,,,15.7,,,,,,,18.5,,,
Guam,GUM,Firms with female top manager (% of firms),IC.FRM.FEMM.ZS,,,,,,,,,,,,,,,,,,,,,,,,,,,,,,,,,,,,,,,,,,,,,,,,,,,,,,,,,,,,,
Guyana,GUY,Firms with female top manager (% of firms),IC.FRM.FEMM.ZS,,,,,,,,,,,,,,,,,,,,,,,,,,,,,,,,,,,,,,,,,,,,,,,,,,,17.7,,,,,,,,,,
High income,HIC,Firms with female top manager (% of firms),IC.FRM.FEMM.ZS,,,,,,,,,,,,,,,,,,,,,,,,,,,,,,,,,,,,,,,,,,,,,,,,,,,,,,,,,,,,19.316,
"Hong Kong SAR, China",HKG,Firms with female top manager (% of firms),IC.FRM.FEMM.ZS,,,,,,,,,,,,,,,,,,,,,,,,,,,,,,,,,,,,,,,,,,,,,,,,,,,,,,,,,,,,,
Honduras,HND,Firms with female top manager (% of firms),IC.FRM.FEMM.ZS,,,,,,,,,,,,,,,,,,,,,,,,,,,,,,,,,,,,,,,,,,,,,,,,,,,31.7,,,,,,28,,,,
Heavily indebted poor countries (HIPC),HPC,Firms with female top manager (% of firms),IC.FRM.FEMM.ZS,,,,,,,,,,,,,,,,,,,,,,,,,,,,,,,,,,,,,,,,,,,,,,,,,,,,,,,,,,,,15.05806452,
Croatia,HRV,Firms with female top manager (% of firms),IC.FRM.FEMM.ZS,,,,,,,,,,,,,,,,,,,,,,,,,,,,,,,,,,,,,,,,,,,,,,,,,,,,,,20.1,,,,,,27,
Haiti,HTI,Firms with female top manager (% of firms),IC.FRM.FEMM.ZS,,,,,,,,,,,,,,,,,,,,,,,,,,,,,,,,,,,,,,,,,,,,,,,,,,,,,,,,,,,,,
Hungary,HUN,Firms with female top manager (% of firms),IC.FRM.FEMM.ZS,,,,,,,,,,,,,,,,,,,,,,,,,,,,,,,,,,,,,,,,,,,,,,,,,,13.8,,,,20.7,,,,,,22.1,
IBRD only,IBD,Firms with female top manager (% of firms),IC.FRM.FEMM.ZS,,,,,,,,,,,,,,,,,,,,,,,,,,,,,,,,,,,,,,,,,,,,,,,,,,,,,,,,,,,,19.23103448,
IDA & IBRD total,IBT,Firms with female top manager (% of firms),IC.FRM.FEMM.ZS,,,,,,,,,,,,,,,,,,,,,,,,,,,,,,,,,,,,,,,,,,,,,,,,,,,,,,,,,,,,18.49026549,
IDA total,IDA,Firms with female top manager (% of firms),IC.FRM.FEMM.ZS,,,,,,,,,,,,,,,,,,,,,,,,,,,,,,,,,,,,,,,,,,,,,,,,,,,,,,,,,,,,17.70909091,
IDA blend,IDB,Firms with female top manager (% of firms),IC.FRM.FEMM.ZS,,,,,,,,,,,,,,,,,,,,,,,,,,,,,,,,,,,,,,,,,,,,,,,,,,,,,,,,,,,,20.025,
Indonesia,IDN,Firms with female top manager (% of firms),IC.FRM.FEMM.ZS,,,,,,,,,,,,,,,,,,,,,,,,,,,,,,,,,,,,,,,,,,,,,,,,,,31.2,,,,,,22.1,,,,,
IDA only,IDX,Firms with female top manager (% of firms),IC.FRM.FEMM.ZS,,,,,,,,,,,,,,,,,,,,,,,,,,,,,,,,,,,,,,,,,,,,,,,,,,,,,,,,,,,,17.0627907,
Isle of Man,IMN,Firms with female top manager (% of firms),IC.FRM.FEMM.ZS,,,,,,,,,,,,,,,,,,,,,,,,,,,,,,,,,,,,,,,,,,,,,,,,,,,,,,,,,,,,,
India,IND,Firms with female top manager (% of firms),IC.FRM.FEMM.ZS,,,,,,,,,,,,,,,,,,,,,,,,,,,,,,,,,,,,,,,,,,,,,,,,,,,,,,,8.9,,,,,,
Not classified,INX,Firms with female top manager (% of firms),IC.FRM.FEMM.ZS,,,,,,,,,,,,,,,,,,,,,,,,,,,,,,,,,,,,,,,,,,,,,,,,,,,,,,,,,,,,,
Ireland,IRL,Firms with female top manager (% of firms),IC.FRM.FEMM.ZS,,,,,,,,,,,,,,,,,,,,,,,,,,,,,,,,,,,,,,,,,,,,,,,,,,,,,,,,,,,,,
"Iran, Islamic Rep.",IRN,Firms with female top manager (% of firms),IC.FRM.FEMM.ZS,,,,,,,,,,,,,,,,,,,,,,,,,,,,,,,,,,,,,,,,,,,,,,,,,,,,,,,,,,,,,
Iraq,IRQ,Firms with female top manager (% of firms),IC.FRM.FEMM.ZS,,,,,,,,,,,,,,,,,,,,,,,,,,,,,,,,,,,,,,,,,,,,,,,,,,,,2.3,,,,,,,,,
Iceland,ISL,Firms with female top manager (% of firms),IC.FRM.FEMM.ZS,,,,,,,,,,,,,,,,,,,,,,,,,,,,,,,,,,,,,,,,,,,,,,,,,,,,,,,,,,,,,
Israel,ISR,Firms with female top manager (% of firms),IC.FRM.FEMM.ZS,,,,,,,,,,,,,,,,,,,,,,,,,,,,,,,,,,,,,,,,,,,,,,,,,,,,,,10.1,,,,,,,
Italy,ITA,Firms with female top manager (% of firms),IC.FRM.FEMM.ZS,,,,,,,,,,,,,,,,,,,,,,,,,,,,,,,,,,,,,,,,,,,,,,,,,,,,,,,,,,,,15.3,
Jamaica,JAM,Firms with female top manager (% of firms),IC.FRM.FEMM.ZS,,,,,,,,,,,,,,,,,,,,,,,,,,,,,,,,,,,,,,,,,,,,,,,,,,,24.1,,,,,,,,,,
Jordan,JOR,Firms with female top manager (% of firms),IC.FRM.FEMM.ZS,,,,,,,,,,,,,,,,,,,,,,,,,,,,,,,,,,,,,,,,,,,,,,,,,,,,,,2.4,,,,,,3.1,
Japan,JPN,Firms with female top manager (% of firms),IC.FRM.FEMM.ZS,,,,,,,,,,,,,,,,,,,,,,,,,,,,,,,,,,,,,,,,,,,,,,,,,,,,,,,,,,,,,
Kazakhstan,KAZ,Firms with female top manager (% of firms),IC.FRM.FEMM.ZS,,,,,,,,,,,,,,,,,,,,,,,,,,,,,,,,,,,,,,,,,,,,,,,,,,24.7,,,,19.4,,,,,,26,
Kenya,KEN,Firms with female top manager (% of firms),IC.FRM.FEMM.ZS,,,,,,,,,,,,,,,,,,,,,,,,,,,,,,,,,,,,,,,,,,,,,,,,,,,,,,13.4,,,,,18.1,,
Kyrgyz Republic,KGZ,Firms with female top manager (% of firms),IC.FRM.FEMM.ZS,,,,,,,,,,,,,,,,,,,,,,,,,,,,,,,,,,,,,,,,,,,,,,,,,,23,,,,30.9,,,,,,32.9,
Cambodia,KHM,Firms with female top manager (% of firms),IC.FRM.FEMM.ZS,,,,,,,,,,,,,,,,,,,,,,,,,,,,,,,,,,,,,,,,,,,,,,,,,,,,,,,,,57.3,,,,
Kiribati,KIR,Firms with female top manager (% of firms),IC.FRM.FEMM.ZS,,,,,,,,,,,,,,,,,,,,,,,,,,,,,,,,,,,,,,,,,,,,,,,,,,,,,,,,,,,,,
St. Kitts and Nevis,KNA,Firms with female top manager (% of firms),IC.FRM.FEMM.ZS,,,,,,,,,,,,,,,,,,,,,,,,,,,,,,,,,,,,,,,,,,,,,,,,,,,21.1,,,,,,,,,,
"Korea, Rep.",KOR,Firms with female top manager (% of firms),IC.FRM.FEMM.ZS,,,,,,,,,,,,,,,,,,,,,,,,,,,,,,,,,,,,,,,,,,,,,,,,,,,,,,,,,,,,,
Kuwait,KWT,Firms with female top manager (% of firms),IC.FRM.FEMM.ZS,,,,,,,,,,,,,,,,,,,,,,,,,,,,,,,,,,,,,,,,,,,,,,,,,,,,,,,,,,,,,
Latin America & Caribbean (excluding high income),LAC,Firms with female top manager (% of firms),IC.FRM.FEMM.ZS,,,,,,,,,,,,,,,,,,,,,,,,,,,,,,,,,,,,,,,,,,,,,,,,,,,,,,,,,,,,22.20454545,
Lao PDR,LAO,Firms with female top manager (% of firms),IC.FRM.FEMM.ZS,,,,,,,,,,,,,,,,,,,,,,,,,,,,,,,,,,,,,,,,,,,,,,,,,,,,,32.2,,,,45.3,,43.1,,
Lebanon,LBN,Firms with female top manager (% of firms),IC.FRM.FEMM.ZS,,,,,,,,,,,,,,,,,,,,,,,,,,,,,,,,,,,,,,,,,,,,,,,,,,29.1,,,,4.4,,,,,,5.9,
Liberia,LBR,Firms with female top manager (% of firms),IC.FRM.FEMM.ZS,,,,,,,,,,,,,,,,,,,,,,,,,,,,,,,,,,,,,,,,,,,,,,,,,,29.9,,,,,,,,20.4,,,
Libya,LBY,Firms with female top manager (% of firms),IC.FRM.FEMM.ZS,,,,,,,,,,,,,,,,,,,,,,,,,,,,,,,,,,,,,,,,,,,,,,,,,,,,,,,,,,,,,
St. Lucia,LCA,Firms with female top manager (% of firms),IC.FRM.FEMM.ZS,,,,,,,,,,,,,,,,,,,,,,,,,,,,,,,,,,,,,,,,,,,,,,,,,,,23.7,,,,,,,,,,
Latin America & Caribbean,LCN,Firms with female top manager (% of firms),IC.FRM.FEMM.ZS,,,,,,,,,,,,,,,,,,,,,,,,,,,,,,,,,,,,,,,,,,,,,,,,,,,,,,,,,,,,21.50333333,
Least developed countries: UN classification,LDC,Firms with female top manager (% of firms),IC.FRM.FEMM.ZS,,,,,,,,,,,,,,,,,,,,,,,,,,,,,,,,,,,,,,,,,,,,,,,,,,,,,,,,,,,,17.02972973,
Low income,LIC,Firms with female top manager (% of firms),IC.FRM.FEMM.ZS,,,,,,,,,,,,,,,,,,,,,,,,,,,,,,,,,,,,,,,,,,,,,,,,,,,,,,,,,,,,11.90909091,
Liechtenstein,LIE,Firms with female top manager (% of firms),IC.FRM.FEMM.ZS,,,,,,,,,,,,,,,,,,,,,,,,,,,,,,,,,,,,,,,,,,,,,,,,,,,,,,,,,,,,,
Sri Lanka,LKA,Firms with female top manager (% of firms),IC.FRM.FEMM.ZS,,,,,,,,,,,,,,,,,,,,,,,,,,,,,,,,,,,,,,,,,,,,,,,,,,,,8.8,,,,,,,,,
Lower middle income,LMC,Firms with female top manager (% of firms),IC.FRM.FEMM.ZS,,,,,,,,,,,,,,,,,,,,,,,,,,,,,,,,,,,,,,,,,,,,,,,,,,,,,,,,,,,,20.12142857,
Low & middle income,LMY,Firms with female top manager (% of firms),IC.FRM.FEMM.ZS,,,,,,,,,,,,,,,,,,,,,,,,,,,,,,,,,,,,,,,,,,,,,,,,,,,,,,,,,,,,18.28857143,
Lesotho,LSO,Firms with female top manager (% of firms),IC.FRM.FEMM.ZS,,,,,,,,,,,,,,,,,,,,,,,,,,,,,,,,,,,,,,,,,,,,,,,,,,21.6,,,,,,,36.2,,,,
Late-demographic dividend,LTE,Firms with female top manager (% of firms),IC.FRM.FEMM.ZS,,,,,,,,,,,,,,,,,,,,,,,,,,,,,,,,,,,,,,,,,,,,,,,,,,,,,,,,,,,,21.26666667,
Lithuania,LTU,Firms with female top manager (% of firms),IC.FRM.FEMM.ZS,,,,,,,,,,,,,,,,,,,,,,,,,,,,,,,,,,,,,,,,,,,,,,,,,,15.1,,,,22,,,,,,30.7,
Luxembourg,LUX,Firms with female top manager (% of firms),IC.FRM.FEMM.ZS,,,,,,,,,,,,,,,,,,,,,,,,,,,,,,,,,,,,,,,,,,,,,,,,,,,,,,,,,,,,,
Latvia,LVA,Firms with female top manager (% of firms),IC.FRM.FEMM.ZS,,,,,,,,,,,,,,,,,,,,,,,,,,,,,,,,,,,,,,,,,,,,,,,,,,31.3,,,,33.9,,,,,,32.6,
"Macao SAR, China",MAC,Firms with female top manager (% of firms),IC.FRM.FEMM.ZS,,,,,,,,,,,,,,,,,,,,,,,,,,,,,,,,,,,,,,,,,,,,,,,,,,,,,,,,,,,,,
St. Martin (French part),MAF,Firms with female top manager (% of firms),IC.FRM.FEMM.ZS,,,,,,,,,,,,,,,,,,,,,,,,,,,,,,,,,,,,,,,,,,,,,,,,,,,,,,,,,,,,,
Morocco,MAR,Firms with female top manager (% of firms),IC.FRM.FEMM.ZS,,,,,,,,,,,,,,,,,,,,,,,,,,,,,,,,,,,,,,,,,,,,,,,,,,,,,,4.3,,,,,,5.4,
Monaco,MCO,Firms with female top manager (% of firms),IC.FRM.FEMM.ZS,,,,,,,,,,,,,,,,,,,,,,,,,,,,,,,,,,,,,,,,,,,,,,,,,,,,,,,,,,,,,
Moldova,MDA,Firms with female top manager (% of firms),IC.FRM.FEMM.ZS,,,,,,,,,,,,,,,,,,,,,,,,,,,,,,,,,,,,,,,,,,,,,,,,,,20.6,,,,22.4,,,,,,18.6,
Madagascar,MDG,Firms with female top manager (% of firms),IC.FRM.FEMM.ZS,,,,,,,,,,,,,,,,,,,,,,,,,,,,,,,,,,,,,,,,,,,,,,,,,,,,,,28.2,,,,,,,
Maldives,MDV,Firms with female top manager (% of firms),IC.FRM.FEMM.ZS,,,,,,,,,,,,,,,,,,,,,,,,,,,,,,,,,,,,,,,,,,,,,,,,,,,,,,,,,,,,,
Middle East & North Africa,MEA,Firms with female top manager (% of firms),IC.FRM.FEMM.ZS,,,,,,,,,,,,,,,,,,,,,,,,,,,,,,,,,,,,,,,,,,,,,,,,,,,,,,,,,,,,6.5,
Mexico,MEX,Firms with female top manager (% of firms),IC.FRM.FEMM.ZS,,,,,,,,,,,,,,,,,,,,,,,,,,,,,,,,,,,,,,,,,,,,,,,,,,,14.6,,,,,,,,,,
Marshall Islands,MHL,Firms with female top manager (% of firms),IC.FRM.FEMM.ZS,,,,,,,,,,,,,,,,,,,,,,,,,,,,,,,,,,,,,,,,,,,,,,,,,,,,,,,,,,,,,
Middle income,MIC,Firms with female top manager (% of firms),IC.FRM.FEMM.ZS,,,,,,,,,,,,,,,,,,,,,,,,,,,,,,,,,,,,,,,,,,,,,,,,,,,,,,,,,,,,19.97951807,
North Macedonia,MKD,Firms with female top manager (% of firms),IC.FRM.FEMM.ZS,,,,,,,,,,,,,,,,,,,,,,,,,,,,,,,,,,,,,,,,,,,,,,,,,,19.1,,,,16.8,,,,,,21.3,
Mali,MLI,Firms with female top manager (% of firms),IC.FRM.FEMM.ZS,,,,,,,,,,,,,,,,,,,,,,,,,,,,,,,,,,,,,,,,,,,,,,,,,,,21,,,,,,11.6,,,,
Malta,MLT,Firms with female top manager (% of firms),IC.FRM.FEMM.ZS,,,,,,,,,,,,,,,,,,,,,,,,,,,,,,,,,,,,,,,,,,,,,,,,,,,,,,,,,,,,11.3,
Myanmar,MMR,Firms with female top manager (% of firms),IC.FRM.FEMM.ZS,,,,,,,,,,,,,,,,,,,,,,,,,,,,,,,,,,,,,,,,,,,,,,,,,,,,,,,29.5,,41.1,,,,
Middle East & North Africa (excluding high income),MNA,Firms with female top manager (% of firms),IC.FRM.FEMM.ZS,,,,,,,,,,,,,,,,,,,,,,,,,,,,,,,,,,,,,,,,,,,,,,,,,,,,,,,,,,,,5.566666667,
Montenegro,MNE,Firms with female top manager (% of firms),IC.FRM.FEMM.ZS,,,,,,,,,,,,,,,,,,,,,,,,,,,,,,,,,,,,,,,,,,,,,,,,,,24.5,,,,19.2,,,,,,15,
Mongolia,MNG,Firms with female top manager (% of firms),IC.FRM.FEMM.ZS,,,,,,,,,,,,,,,,,,,,,,,,,,,,,,,,,,,,,,,,,,,,,,,,,,36.4,,,,31,,,,,,38.9,
Northern Mariana Islands,MNP,Firms with female top manager (% of firms),IC.FRM.FEMM.ZS,,,,,,,,,,,,,,,,,,,,,,,,,,,,,,,,,,,,,,,,,,,,,,,,,,,,,,,,,,,,,
Mozambique,MOZ,Firms with female top manager (% of firms),IC.FRM.FEMM.ZS,,,,,,,,,,,,,,,,,,,,,,,,,,,,,,,,,,,,,,,,,,,,,,,,,,,,,,,,,,,15.6,,
Mauritania,MRT,Firms with female top manager (% of firms),IC.FRM.FEMM.ZS,,,,,,,,,,,,,,,,,,,,,,,,,,,,,,,,,,,,,,,,,,,,,,,,,,,,,,,4.5,,,,,,
Mauritius,MUS,Firms with female top manager (% of firms),IC.FRM.FEMM.ZS,,,,,,,,,,,,,,,,,,,,,,,,,,,,,,,,,,,,,,,,,,,,,,,,,,,,,,,,,,,,,
Malawi,MWI,Firms with female top manager (% of firms),IC.FRM.FEMM.ZS,,,,,,,,,,,,,,,,,,,,,,,,,,,,,,,,,,,,,,,,,,,,,,,,,,15.6,,,,,14.2,,,,,,
Malaysia,MYS,Firms with female top manager (% of firms),IC.FRM.FEMM.ZS,,,,,,,,,,,,,,,,,,,,,,,,,,,,,,,,,,,,,,,,,,,,,,,,8.7,,,,,,,,26.3,,,,,
North America,NAC,Firms with female top manager (% of firms),IC.FRM.FEMM.ZS,,,,,,,,,,,,,,,,,,,,,,,,,,,,,,,,,,,,,,,,,,,,,,,,,,,,,,,,,,,,,
Namibia,NAM,Firms with female top manager (% of firms),IC.FRM.FEMM.ZS,,,,,,,,,,,,,,,,,,,,,,,,,,,,,,,,,,,,,,,,,,,,,,,,,,,,,,,27.4,,,,,,
New Caledonia,NCL,Firms with female top manager (% of firms),IC.FRM.FEMM.ZS,,,,,,,,,,,,,,,,,,,,,,,,,,,,,,,,,,,,,,,,,,,,,,,,,,,,,,,,,,,,,
Niger,NER,Firms with female top manager (% of firms),IC.FRM.FEMM.ZS,,,,,,,,,,,,,,,,,,,,,,,,,,,,,,,,,,,,,,,,,,,,,,,,,,11.3,,,,,,,,10.6,,,
Nigeria,NGA,Firms with female top manager (% of firms),IC.FRM.FEMM.ZS,,,,,,,,,,,,,,,,,,,,,,,,,,,,,,,,,,,,,,,,,,,,,,,,,,,,,,,13.9,,,,,,
Nicaragua,NIC,Firms with female top manager (% of firms),IC.FRM.FEMM.ZS,,,,,,,,,,,,,,,,,,,,,,,,,,,,,,,,,,,,,,,,,,,,,,,,,,,32.3,,,,,,27,,,,
Netherlands,NLD,Firms with female top manager (% of firms),IC.FRM.FEMM.ZS,,,,,,,,,,,,,,,,,,,,,,,,,,,,,,,,,,,,,,,,,,,,,,,,,,,,,,,,,,,,,
Norway,NOR,Firms with female top manager (% of firms),IC.FRM.FEMM.ZS,,,,,,,,,,,,,,,,,,,,,,,,,,,,,,,,,,,,,,,,,,,,,,,,,,,,,,,,,,,,,
Nepal,NPL,Firms with female top manager (% of firms),IC.FRM.FEMM.ZS,,,,,,,,,,,,,,,,,,,,,,,,,,,,,,,,,,,,,,,,,,,,,,,,,,13.4,,,,17.2,,,,,,,
Nauru,NRU,Firms with female top manager (% of firms),IC.FRM.FEMM.ZS,,,,,,,,,,,,,,,,,,,,,,,,,,,,,,,,,,,,,,,,,,,,,,,,,,,,,,,,,,,,,
New Zealand,NZL,Firms with female top manager (% of firms),IC.FRM.FEMM.ZS,,,,,,,,,,,,,,,,,,,,,,,,,,,,,,,,,,,,,,,,,,,,,,,,,,,,,,,,,,,,,
OECD members,OED,Firms with female top manager (% of firms),IC.FRM.FEMM.ZS,,,,,,,,,,,,,,,,,,,,,,,,,,,,,,,,,,,,,,,,,,,,,,,,,,,,,,,,,,,,17.91176471,
Oman,OMN,Firms with female top manager (% of firms),IC.FRM.FEMM.ZS,,,,,,,,,,,,,,,,,,,,,,,,,,,,,,,,,,,,,,,,,,,,,,,,,,,,,,,,,,,,,
Other small states,OSS,Firms with female top manager (% of firms),IC.FRM.FEMM.ZS,,,,,,,,,,,,,,,,,,,,,,,,,,,,,,,,,,,,,,,,,,,,,,,,,,,,,,,,,,,,20.13333333,
Pakistan,PAK,Firms with female top manager (% of firms),IC.FRM.FEMM.ZS,,,,,,,,,,,,,,,,,,,,,,,,,,,,,,,,,,,,,,,,,,,,,,,,,,,,,,6,,,,,,,
Panama,PAN,Firms with female top manager (% of firms),IC.FRM.FEMM.ZS,,,,,,,,,,,,,,,,,,,,,,,,,,,,,,,,,,,,,,,,,,,,,,,,,,,23.5,,,,,,,,,,
Peru,PER,Firms with female top manager (% of firms),IC.FRM.FEMM.ZS,,,,,,,,,,,,,,,,,,,,,,,,,,,,,,,,,,,,,,,,,,,,,,,,,,,14.1,,,,,,,19.9,,,
Philippines,PHL,Firms with female top manager (% of firms),IC.FRM.FEMM.ZS,,,,,,,,,,,,,,,,,,,,,,,,,,,,,,,,,,,,,,,,,,,,,,,,,,32.7,,,,,,29.9,,,,,
Palau,PLW,Firms with female top manager (% of firms),IC.FRM.FEMM.ZS,,,,,,,,,,,,,,,,,,,,,,,,,,,,,,,,,,,,,,,,,,,,,,,,,,,,,,,,,,,,,
Papua New Guinea,PNG,Firms with female top manager (% of firms),IC.FRM.FEMM.ZS,,,,,,,,,,,,,,,,,,,,,,,,,,,,,,,,,,,,,,,,,,,,,,,,,,,,,,,,13.8,,,,,
Poland,POL,Firms with female top manager (% of firms),IC.FRM.FEMM.ZS,,,,,,,,,,,,,,,,,,,,,,,,,,,,,,,,,,,,,,,,,,,,,,,,,,31.1,,,,20.4,,,,,,27.8,
Pre-demographic dividend,PRE,Firms with female top manager (% of firms),IC.FRM.FEMM.ZS,,,,,,,,,,,,,,,,,,,,,,,,,,,,,,,,,,,,,,,,,,,,,,,,,,,,,,,,,,,,13.69666667,
Puerto Rico,PRI,Firms with female top manager (% of firms),IC.FRM.FEMM.ZS,,,,,,,,,,,,,,,,,,,,,,,,,,,,,,,,,,,,,,,,,,,,,,,,,,,,,,,,,,,,,
"Korea, Dem. People’s Rep.",PRK,Firms with female top manager (% of firms),IC.FRM.FEMM.ZS,,,,,,,,,,,,,,,,,,,,,,,,,,,,,,,,,,,,,,,,,,,,,,,,,,,,,,,,,,,,,
Portugal,PRT,Firms with female top manager (% of firms),IC.FRM.FEMM.ZS,,,,,,,,,,,,,,,,,,,,,,,,,,,,,,,,,,,,,,,,,,,,,,,,,,,,,,,,,,,,14,
Paraguay,PRY,Firms with female top manager (% of firms),IC.FRM.FEMM.ZS,,,,,,,,,,,,,,,,,,,,,,,,,,,,,,,,,,,,,,,,,,,,,,,,,,,22.8,,,,,,,19.6,,,
West Bank and Gaza,PSE,Firms with female top manager (% of firms),IC.FRM.FEMM.ZS,,,,,,,,,,,,,,,,,,,,,,,,,,,,,,,,,,,,,,,,,,,,,,,,,,,,,,1.3,,,,,,0.9,
Pacific island small states,PSS,Firms with female top manager (% of firms),IC.FRM.FEMM.ZS,,,,,,,,,,,,,,,,,,,,,,,,,,,,,,,,,,,,,,,,,,,,,,,,,,,,,,,,,,,,22.6,
Post-demographic dividend,PST,Firms with female top manager (% of firms),IC.FRM.FEMM.ZS,,,,,,,,,,,,,,,,,,,,,,,,,,,,,,,,,,,,,,,,,,,,,,,,,,,,,,,,,,,,19.50625,
French Polynesia,PYF,Firms with female top manager (% of firms),IC.FRM.FEMM.ZS,,,,,,,,,,,,,,,,,,,,,,,,,,,,,,,,,,,,,,,,,,,,,,,,,,,,,,,,,,,,,
Qatar,QAT,Firms with female top manager (% of firms),IC.FRM.FEMM.ZS,,,,,,,,,,,,,,,,,,,,,,,,,,,,,,,,,,,,,,,,,,,,,,,,,,,,,,,,,,,,,
Romania,ROU,Firms with female top manager (% of firms),IC.FRM.FEMM.ZS,,,,,,,,,,,,,,,,,,,,,,,,,,,,,,,,,,,,,,,,,,,,,,,,,,24.7,,,,18.3,,,,,,17.2,
Russian Federation,RUS,Firms with female top manager (% of firms),IC.FRM.FEMM.ZS,,,,,,,,,,,,,,,,,,,,,,,,,,,,,,,,,,,,,,,,,,,,,,,,,,14.3,,,20.1,,,,,,,24.3,
Rwanda,RWA,Firms with female top manager (% of firms),IC.FRM.FEMM.ZS,,,,,,,,,,,,,,,,,,,,,,,,,,,,,,,,,,,,,,,,,,,,,,,,,,,,19.7,,,,,,,,21.8,
South Asia,SAS,Firms with female top manager (% of firms),IC.FRM.FEMM.ZS,,,,,,,,,,,,,,,,,,,,,,,,,,,,,,,,,,,,,,,,,,,,,,,,,,,,,,,,,,,,10.95714286,
Saudi Arabia,SAU,Firms with female top manager (% of firms),IC.FRM.FEMM.ZS,,,,,,,,,,,,,,,,,,,,,,,,,,,,,,,,,,,,,,,,,,,,,,,,,,,,,,,,,,,,,
Sudan,SDN,Firms with female top manager (% of firms),IC.FRM.FEMM.ZS,,,,,,,,,,,,,,,,,,,,,,,,,,,,,,,,,,,,,,,,,,,,,,,,,,,,,,,3.4,,,,,,
Senegal,SEN,Firms with female top manager (% of firms),IC.FRM.FEMM.ZS,,,,,,,,,,,,,,,,,,,,,,,,,,,,,,,,,,,,,,,,,,,,,,,,,,,,,,,14.1,,,,,,
Singapore,SGP,Firms with female top manager (% of firms),IC.FRM.FEMM.ZS,,,,,,,,,,,,,,,,,,,,,,,,,,,,,,,,,,,,,,,,,,,,,,,,,,,,,,,,,,,,,
Solomon Islands,SLB,Firms with female top manager (% of firms),IC.FRM.FEMM.ZS,,,,,,,,,,,,,,,,,,,,,,,,,,,,,,,,,,,,,,,,,,,,,,,,,,,,,,,,22.6,,,,,
Sierra Leone,SLE,Firms with female top manager (% of firms),IC.FRM.FEMM.ZS,,,,,,,,,,,,,,,,,,,,,,,,,,,,,,,,,,,,,,,,,,,,,,,,,,7.1,,,,,,,,15.9,,,
El Salvador,SLV,Firms with female top manager (% of firms),IC.FRM.FEMM.ZS,,,,,,,,,,,,,,,,,,,,,,,,,,,,,,,,,,,,,,,,,,,,,,,,,,,21.4,,,,,,28,,,,
San Marino,SMR,Firms with female top manager (% of firms),IC.FRM.FEMM.ZS,,,,,,,,,,,,,,,,,,,,,,,,,,,,,,,,,,,,,,,,,,,,,,,,,,,,,,,,,,,,,
Somalia,SOM,Firms with female top manager (% of firms),IC.FRM.FEMM.ZS,,,,,,,,,,,,,,,,,,,,,,,,,,,,,,,,,,,,,,,,,,,,,,,,,,,,,,,,,,,,,
Serbia,SRB,Firms with female top manager (% of firms),IC.FRM.FEMM.ZS,,,,,,,,,,,,,,,,,,,,,,,,,,,,,,,,,,,,,,,,,,,,,,,,,,15.9,,,,15.3,,,,,,18.2,
Sub-Saharan Africa (excluding high income),SSA,Firms with female top manager (% of firms),IC.FRM.FEMM.ZS,,,,,,,,,,,,,,,,,,,,,,,,,,,,,,,,,,,,,,,,,,,,,,,,,,,,,,,,,,,,15.48285714,
South Sudan,SSD,Firms with female top manager (% of firms),IC.FRM.FEMM.ZS,,,,,,,,,,,,,,,,,,,,,,,,,,,,,,,,,,,,,,,,,,,,,,,,,,,,,,,9.5,,,,,,
Sub-Saharan Africa,SSF,Firms with female top manager (% of firms),IC.FRM.FEMM.ZS,,,,,,,,,,,,,,,,,,,,,,,,,,,,,,,,,,,,,,,,,,,,,,,,,,,,,,,,,,,,15.48285714,
Small states,SST,Firms with female top manager (% of firms),IC.FRM.FEMM.ZS,,,,,,,,,,,,,,,,,,,,,,,,,,,,,,,,,,,,,,,,,,,,,,,,,,,,,,,,,,,,21.97307692,
Sao Tome and Principe,STP,Firms with female top manager (% of firms),IC.FRM.FEMM.ZS,,,,,,,,,,,,,,,,,,,,,,,,,,,,,,,,,,,,,,,,,,,,,,,,,,,,,,,,,,,,,
Suriname,SUR,Firms with female top manager (% of firms),IC.FRM.FEMM.ZS,,,,,,,,,,,,,,,,,,,,,,,,,,,,,,,,,,,,,,,,,,,,,,,,,,,15,,,,,,,,11.9,,
Slovak Republic,SVK,Firms with female top manager (% of firms),IC.FRM.FEMM.ZS,,,,,,,,,,,,,,,,,,,,,,,,,,,,,,,,,,,,,,,,,,,,,,,,,,19.8,,,,14,,,,,,22.9,
Slovenia,SVN,Firms with female top manager (% of firms),IC.FRM.FEMM.ZS,,,,,,,,,,,,,,,,,,,,,,,,,,,,,,,,,,,,,,,,,,,,,,,,,,15.9,,,,21.9,,,,,,18.8,
Sweden,SWE,Firms with female top manager (% of firms),IC.FRM.FEMM.ZS,,,,,,,,,,,,,,,,,,,,,,,,,,,,,,,,,,,,,,,,,,,,,,,,,,,,,,,12.5,,,,,,
Eswatini,SWZ,Firms with female top manager (% of firms),IC.FRM.FEMM.ZS,,,,,,,,,,,,,,,,,,,,,,,,,,,,,,,,,,,,,,,,,,,,,,,,,,,,,,,,,27.4,,,,
Sint Maarten (Dutch part),SXM,Firms with female top manager (% of firms),IC.FRM.FEMM.ZS,,,,,,,,,,,,,,,,,,,,,,,,,,,,,,,,,,,,,,,,,,,,,,,,,,,,,,,,,,,,,
Seychelles,SYC,Firms with female top manager (% of firms),IC.FRM.FEMM.ZS,,,,,,,,,,,,,,,,,,,,,,,,,,,,,,,,,,,,,,,,,,,,,,,,,,,,,,,,,,,,,
Syrian Arab Republic,SYR,Firms with female top manager (% of firms),IC.FRM.FEMM.ZS,,,,,,,,,,,,,,,,,,,,,,,,,,,,,,,,,,,,,,,,,,,,,,,,,,22.8,,,,,,,,,,,
Turks and Caicos Islands,TCA,Firms with female top manager (% of firms),IC.FRM.FEMM.ZS,,,,,,,,,,,,,,,,,,,,,,,,,,,,,,,,,,,,,,,,,,,,,,,,,,,,,,,,,,,,,
Chad,TCD,Firms with female top manager (% of firms),IC.FRM.FEMM.ZS,,,,,,,,,,,,,,,,,,,,,,,,,,,,,,,,,,,,,,,,,,,,,,,,,,6.8,,,,,,,,,12,,
East Asia & Pacific (IDA & IBRD countries),TEA,Firms with female top manager (% of firms),IC.FRM.FEMM.ZS,,,,,,,,,,,,,,,,,,,,,,,,,,,,,,,,,,,,,,,,,,,,,,,,,,,,,,,,,,,,32.83076923,
Europe & Central Asia (IDA & IBRD countries),TEC,Firms with female top manager (% of firms),IC.FRM.FEMM.ZS,,,,,,,,,,,,,,,,,,,,,,,,,,,,,,,,,,,,,,,,,,,,,,,,,,,,,,,,,,,,18.55909091,
Togo,TGO,Firms with female top manager (% of firms),IC.FRM.FEMM.ZS,,,,,,,,,,,,,,,,,,,,,,,,,,,,,,,,,,,,,,,,,,,,,,,,,,15.1,,,,,,,11.4,,,,
Thailand,THA,Firms with female top manager (% of firms),IC.FRM.FEMM.ZS,,,,,,,,,,,,,,,,,,,,,,,,,,,,,,,,,,,,,,,,,,,,,,,,,,,,,,,,,64.8,,,,
Tajikistan,TJK,Firms with female top manager (% of firms),IC.FRM.FEMM.ZS,,,,,,,,,,,,,,,,,,,,,,,,,,,,,,,,,,,,,,,,,,,,,,,,,11.8,,,,,9.1,,,,,,6.6,
Turkmenistan,TKM,Firms with female top manager (% of firms),IC.FRM.FEMM.ZS,,,,,,,,,,,,,,,,,,,,,,,,,,,,,,,,,,,,,,,,,,,,,,,,,,,,,,,,,,,,,
Latin America & the Caribbean (IDA & IBRD countries),TLA,Firms with female top manager (% of firms),IC.FRM.FEMM.ZS,,,,,,,,,,,,,,,,,,,,,,,,,,,,,,,,,,,,,,,,,,,,,,,,,,,,,,,,,,,,20.94642857,
Timor-Leste,TLS,Firms with female top manager (% of firms),IC.FRM.FEMM.ZS,,,,,,,,,,,,,,,,,,,,,,,,,,,,,,,,,,,,,,,,,,,,,,,,,,,,,,,,27,,,,,
Middle East & North Africa (IDA & IBRD countries),TMN,Firms with female top manager (% of firms),IC.FRM.FEMM.ZS,,,,,,,,,,,,,,,,,,,,,,,,,,,,,,,,,,,,,,,,,,,,,,,,,,,,,,,,,,,,6.15,
Tonga,TON,Firms with female top manager (% of firms),IC.FRM.FEMM.ZS,,,,,,,,,,,,,,,,,,,,,,,,,,,,,,,,,,,,,,,,,,,,,,,,,,,,,,,,,,,,,
South Asia (IDA & IBRD),TSA,Firms with female top manager (% of firms),IC.FRM.FEMM.ZS,,,,,,,,,,,,,,,,,,,,,,,,,,,,,,,,,,,,,,,,,,,,,,,,,,,,,,,,,,,,10.95714286,
Sub-Saharan Africa (IDA & IBRD countries),TSS,Firms with female top manager (% of firms),IC.FRM.FEMM.ZS,,,,,,,,,,,,,,,,,,,,,,,,,,,,,,,,,,,,,,,,,,,,,,,,,,,,,,,,,,,,15.48285714,
Trinidad and Tobago,TTO,Firms with female top manager (% of firms),IC.FRM.FEMM.ZS,,,,,,,,,,,,,,,,,,,,,,,,,,,,,,,,,,,,,,,,,,,,,,,,,,,20.8,,,,,,,,,,
Tunisia,TUN,Firms with female top manager (% of firms),IC.FRM.FEMM.ZS,,,,,,,,,,,,,,,,,,,,,,,,,,,,,,,,,,,,,,,,,,,,,,,,,,,,,,8.5,,,,,,,10.4
Turkey,TUR,Firms with female top manager (% of firms),IC.FRM.FEMM.ZS,,,,,,,,,,,,,,,,,,,,,,,,,,,,,,,,,,,,,,,,,,,,,,,,,12.4,,,,,5.5,,,,,,3.9,
Tuvalu,TUV,Firms with female top manager (% of firms),IC.FRM.FEMM.ZS,,,,,,,,,,,,,,,,,,,,,,,,,,,,,,,,,,,,,,,,,,,,,,,,,,,,,,,,,,,,,
Tanzania,TZA,Firms with female top manager (% of firms),IC.FRM.FEMM.ZS,,,,,,,,,,,,,,,,,,,,,,,,,,,,,,,,,,,,,,,,,,,,,,,,,,,,,,14,,,,,,,
Uganda,UGA,Firms with female top manager (% of firms),IC.FRM.FEMM.ZS,,,,,,,,,,,,,,,,,,,,,,,,,,,,,,,,,,,,,,,,,,,,,,,,,,,,,,15.4,,,,,,,
Ukraine,UKR,Firms with female top manager (% of firms),IC.FRM.FEMM.ZS,,,,,,,,,,,,,,,,,,,,,,,,,,,,,,,,,,,,,,,,,,,,,,,,,27.9,,,,,20.9,,,,,,17.7,
Upper middle income,UMC,Firms with female top manager (% of firms),IC.FRM.FEMM.ZS,,,,,,,,,,,,,,,,,,,,,,,,,,,,,,,,,,,,,,,,,,,,,,,,,,,,,,,,,,,,19.83414634,
Uruguay,URY,Firms with female top manager (% of firms),IC.FRM.FEMM.ZS,,,,,,,,,,,,,,,,,,,,,,,,,,,,,,,,,,,,,,,,,,,,,,,,,,,19.4,,,,,,,10.6,,,
United States,USA,Firms with female top manager (% of firms),IC.FRM.FEMM.ZS,,,,,,,,,,,,,,,,,,,,,,,,,,,,,,,,,,,,,,,,,,,,,,,,,,,,,,,,,,,,,
Uzbekistan,UZB,Firms with female top manager (% of firms),IC.FRM.FEMM.ZS,,,,,,,,,,,,,,,,,,,,,,,,,,,,,,,,,,,,,,,,,,,,,,,,,11.4,,,,,14.9,,,,,,12.4,
St. Vincent and the Grenadines,VCT,Firms with female top manager (% of firms),IC.FRM.FEMM.ZS,,,,,,,,,,,,,,,,,,,,,,,,,,,,,,,,,,,,,,,,,,,,,,,,,,,38.6,,,,,,,,,,
"Venezuela, RB",VEN,Firms with female top manager (% of firms),IC.FRM.FEMM.ZS,,,,,,,,,,,,,,,,,,,,,,,,,,,,,,,,,,,,,,,,,,,,,,,,,,,31.1,,,,,,,,,,
British Virgin Islands,VGB,Firms with female top manager (% of firms),IC.FRM.FEMM.ZS,,,,,,,,,,,,,,,,,,,,,,,,,,,,,,,,,,,,,,,,,,,,,,,,,,,,,,,,,,,,,
Virgin Islands (U.S.),VIR,Firms with female top manager (% of firms),IC.FRM.FEMM.ZS,,,,,,,,,,,,,,,,,,,,,,,,,,,,,,,,,,,,,,,,,,,,,,,,,,,,,,,,,,,,,
Vietnam,VNM,Firms with female top manager (% of firms),IC.FRM.FEMM.ZS,,,,,,,,,,,,,,,,,,,,,,,,,,,,,,,,,,,,,,,,,,,,,,,,,,26.4,,,,,,22.4,,,,,
Vanuatu,VUT,Firms with female top manager (% of firms),IC.FRM.FEMM.ZS,,,,,,,,,,,,,,,,,,,,,,,,,,,,,,,,,,,,,,,,,,,,,,,,,,,,,,,,,,,,,
World,WLD,Firms with female top manager (% of firms),IC.FRM.FEMM.ZS,,,,,,,,,,,,,,,,,,,,,,,,,,,,,,,,,,,,,,,,,,,,,,,,,,,,,,,,,,,,18.48615385,
Samoa,WSM,Firms with female top manager (% of firms),IC.FRM.FEMM.ZS,,,,,,,,,,,,,,,,,,,,,,,,,,,,,,,,,,,,,,,,,,,,,,,,,,,,,,,,,,,,,
Kosovo,XKX,Firms with female top manager (% of firms),IC.FRM.FEMM.ZS,,,,,,,,,,,,,,,,,,,,,,,,,,,,,,,,,,,,,,,,,,,,,,,,,,0.3,,,,9.3,,,,,,2.7,
"Yemen, Rep.",YEM,Firms with female top manager (% of firms),IC.FRM.FEMM.ZS,,,,,,,,,,,,,,,,,,,,,,,,,,,,,,,,,,,,,,,,,,,,,,,,,,,0.1,,,1.6,,,,,,,
South Africa,ZAF,Firms with female top manager (% of firms),IC.FRM.FEMM.ZS,,,,,,,,,,,,,,,,,,,,,,,,,,,,,,,,,,,,,,,,,,,,,,,,,,,,,,,,,,,,,
Zambia,ZMB,Firms with female top manager (% of firms),IC.FRM.FEMM.ZS,,,,,,,,,,,,,,,,,,,,,,,,,,,,,,,,,,,,,,,,,,,,,,,,,,,,,,22.5,,,,,,12.9,
Zimbabwe,ZWE,Firms with female top manager (% of firms),IC.FRM.FEMM.ZS,,,,,,,,,,,,,,,,,,,,,,,,,,,,,,,,,,,,,,,,,,,,,,,,,,,,17.4,,,,,16.3,,,,